Name	Spacers count	Evidence level	Direct repeat length	Direct repeat	Potential orientation	Gene names	CRISPR array Start	End	Length
OLS12951.1	46	4	29	ATTGTCCCCACGTATGTGGGGGTGAACCG	+	Cas1_0_IE,Cas5_0_IE,Cas6_0_IE,Cas7_0_IE,Cse2_0_IE	10897	13730	2834
TKJ26793.1	11	4	37	ATTTCAATCCTTATTTTGTTGGATATTTTATTGTTAC	+	Cas10_0_IIIA,Csm2_0_IIIA,Csm3_0_IIIA	12731	13630	900
OLS12947.1	46	4	29	ATTGTCCCCACGTATGTGGGGGTGAACCG	+	Cas1_0_IE,Cas5_0_IE,Cas6_0_IE,Cas7_0_IE,Cse2_0_IE	15346	18179	2834
OLS12949.1	46	4	29	ATTGTCCCCACGTATGTGGGGGTGAACCG	+	Cas1_0_IE,Cas2_0_IE,Cas5_0_IE,Cas6_0_IE,Cas7_0_IE,Cse2_0_IE	13366	16199	2834
OLS12944.1	44	4	29	ATTGTCCCCACGTATGTGGGGGTGAACCG	ND	Cas1_0_IE,Cas5_0_IE,Cas6_0_IE,Cas7_0_IE,Cse2_0_IE	17590	20301	2712
TKJ26802.1	11	4	37	ATTTCAATCCTTATTTTGTTGGATATTTTATTGTTAC	+	Cas10_0_IIIA,Csm2_0_IIIA,Csm3_0_IIIA,Csm4_0_IIIA,Csm5_0_IIIA	4102	5001	900
TKJ26802.1	18	4	37	GTAGCAATAAAATATCCAACAAAACAAGGATTGAAAT	-	Cas10_0_IIIA,Csm2_0_IIIA,Csm3_0_IIIA,Csm4_0_IIIA,Csm5_0_IIIA	16556	17928	1373
OLS12948.1	46	4	29	ATTGTCCCCACGTATGTGGGGGTGAACCG	+	Cas1_0_IE,Cas2_0_IE,Cas5_0_IE,Cas6_0_IE,Cas7_0_IE,Cse2_0_IE	14094	16927	2834
TKJ26801.1	11	4	37	ATTTCAATCCTTATTTTGTTGGATATTTTATTGTTAC	+	Cas10_0_IIIA,Csm2_0_IIIA,Csm3_0_IIIA,Csm4_0_IIIA,Csm5_0_IIIA	6803	7702	900
TKJ26801.1	18	4	37	GTAGCAATAAAATATCCAACAAAACAAGGATTGAAAT	-	Cas10_0_IIIA,Csm2_0_IIIA,Csm3_0_IIIA,Csm4_0_IIIA,Csm5_0_IIIA	19257	20629	1373
TKJ26803.1	11	4	37	ATTTCAATCCTTATTTTGTTGGATATTTTATTGTTAC	+	Cas10_0_IIIA,Csm2_0_IIIA,Csm3_0_IIIA,Csm4_0_IIIA,Csm5_0_IIIA	3669	4568	900
TKJ26803.1	18	4	37	GTAGCAATAAAATATCCAACAAAACAAGGATTGAAAT	-	Cas10_0_IIIA,Csm2_0_IIIA,Csm3_0_IIIA,Csm4_0_IIIA,Csm5_0_IIIA	16123	17495	1373
TXT67219.1	22	4	37	GTTTCAATCTTCATGTTGAAGCTATGTTCTTTGCTAC	ND	Cas10_0_III,Csm3_0_IIIAD,Csm3_0_IIIAD,Csm3_0_IIID,Csx10_0_IIID	30	1773	1744
OLS12945.1	46	4	29	ATTGTCCCCACGTATGTGGGGGTGAACCG	+	Cas1_0_IE,Cas5_0_IE,Cas6_0_IE,Cas7_0_IE,Cse2_0_IE	17136	19969	2834
TKJ26804.1	11	4	37	ATTTCAATCCTTATTTTGTTGGATATTTTATTGTTAC	+	Cas10_0_IIIA,Csm2_0_IIIA,Csm3_0_IIIA,Csm4_0_IIIA,Csm5_0_IIIA	2903	3802	900
TKJ26804.1	18	4	37	GTAGCAATAAAATATCCAACAAAACAAGGATTGAAAT	-	Cas10_0_IIIA,Csm2_0_IIIA,Csm3_0_IIIA,Csm4_0_IIIA,Csm5_0_IIIA	15357	16729	1373
TKJ26807.1	18	4	37	GTAGCAATAAAATATCCAACAAAACAAGGATTGAAAT	-	Cas10_0_IIIA,Csm2_0_IIIA,Csm3_0_IIIA,Csm4_0_IIIA,Csm5_0_IIIA	11332	12704	1373
TKJ26805.1	11	4	37	ATTTCAATCCTTATTTTGTTGGATATTTTATTGTTAC	+	Cas10_0_IIIA,Csm2_0_IIIA,Csm3_0_IIIA,Csm4_0_IIIA,Csm5_0_IIIA	1726	2625	900
TKJ26805.1	18	4	37	GTAGCAATAAAATATCCAACAAAACAAGGATTGAAAT	-	Cas10_0_IIIA,Csm2_0_IIIA,Csm3_0_IIIA,Csm4_0_IIIA,Csm5_0_IIIA	14180	15552	1373
OLS18990.1	2	1	24	CTTTCAATTCTCTTTATGAGATTC	ND	Cas1_0_I-II-III,Cas2_0_I-II-III,Cas3_0_I,Cas3_1_I,Cas4_0_I-II,Cas4_0_IA,Cas5_0_IA,Cas6_0_I-III,Cas7_0_IA,Csa5_0_IA	37	184	148
OLS18990.1	2	1	24	GAATCTCATAAAGAGAATTGAAAG	ND	Cas1_0_I-II-III,Cas2_0_I-II-III,Cas3_0_I,Cas3_1_I,Cas4_0_I-II,Cas4_0_IA,Cas5_0_IA,Cas6_0_I-III,Cas7_0_IA,Csa5_0_IA	10911	11062	152
